filename,kurtosis,entropy,R-value,skewness,count,scale
T10.jpg,[250.00394],nan,1.0,[15.874632],[ 499 2089 4687 8233 6146],[0.2 0.4 0.6 0.8 1. ]
T10.jpg,[61.427994],nan,0.15069003,[7.4379244],[ 10836  48182 105436 192601 271549],[0.2 0.4 0.6 0.8 1. ]
,,
