filename,kurtosis,entropy,R-value,skewness,count,scale
T11.jpg,[250.00394],nan,1.0,[15.874632],[ 1172  4582 10528 18978 15101],[0.2 0.4 0.6 0.8 1. ]
T11.jpg,[48.017],nan,0.13790822,[6.6784487],[ 11211  48242 106066 192877 246363],[0.2 0.4 0.6 0.8 1. ]
,,
