filename,kurtosis,entropy,R-value,skewness,count,scale
T12.jpg,[250.00394],nan,1.0,[15.874632],[ 1656  8843 18012 35334 23705],[0.2 0.4 0.6 0.8 1. ]
T12.jpg,[48.55472],nan,0.13500123,[6.6724114],[ 21883  94320 207246 377510 483699],[0.2 0.4 0.6 0.8 1. ]
,,
