filename,kurtosis,entropy,R-value,skewness,count,scale
T13.jpg,[250.00394],nan,1.0,[15.874632],[ 3214 12589 28376 50139 33695],[0.2 0.4 0.6 0.8 1. ]
T13.jpg,[248.28079],nan,0.85418516,[15.795073],[ 12054  48198 108460 192801 293268],[0.2 0.4 0.6 0.8 1. ]
0,1,7,,7,1,0,1,0,,3,4,1,2,3,2,3,2,6,7,1,,7,0,7,,1,,1,,1,,1,,1,,1,2,7,,7,1,,1,,7,1,,1,,7,1,2,3,4,0,,1,,7,1,,1,7,1,,1,0,1,7,,,6,7,1,,3,,0,7,0,7,,,5,7,,1,,7,1,,1,,1,,7,5,7,,4,5,6,5,1,2,3,,,3,4,5,7,,2,3,,,5,2,3,5,6,5,7,6,3,,,,6,5,7,3,2,1,3,,5,6,7,,3,,3,5,,5,,5,3,4,5,4,5,,7,3,2,3,0,1,3,,5,,2,3,5,,7,0,5,,5,4,5,7,4,2,1,3,1,7,,,3,,4,3,4,,,3,4,5,3,,5,6,7,6,3,2,3,,5,,3,,5,,5,,,6,,6,4,1,2,,2,3,4,5,,,3,4,5,3,5,,5,,,,,6,7,0,1,6,,,1,3,4,,,,,5,6,3,5,2,3
