filename,kurtosis,entropy,R-value,skewness,count,scale
T13.jpg,[250.00394],nan,1.0,[15.874632],[ 3214 12589 28376 50139 33695],[0.2 0.4 0.6 0.8 1. ]
T13.jpg,[84.55919],nan,0.15971673,[8.50831],[  8893  47040  98513 187898 222471],[0.2 0.4 0.6 0.8 1. ]
,,,,0,7,0,1,2,3,4,2,3,4,2,0,1,0,6,7,0,,2,,1,2,1,2,1,,,2,3,4,,4,5,,,,,5,6,4,,0,1,,0,1,2,3,,,,1,6,7,0,1,2,0,1,2,0,1,0,,2,3,,6,7,,5,6,7,,7,6,5,,7,,1,,,,3,,,4,5,,5,,5,,5,,5,,2,,1,,1,,1,,1,0,1,,1,,1,,1,,1,,1,,1,,1,,1,,1,,1,,1,,1,,1,,1,,1,,1,,1,,1,,1,,1,,,2,6,7,0,1,,1,,6,7,0,1,,1,2,0,1,2,3,,,1,,3,,3,,,1,2,3,2,3,4,5,,4,2,3,1,,3,4,5,,5,,5,,5,,5,,5,,5,,5,,5,,5,,5,,5,,5,,,1,,1,,1,,1,,1,,1,,1,,1,,1,,1,,1,,1,,1,0,1,2,3,7,,6,7,,1,2,3,4,2,3,,6,7,0,1,2,6,7,,7,0,1,2,3,4,2,3,,,1,2,,2,,,3,,3,2,,4,,3,2,3,4,,3,,3,,,4,2,0,1,0,1,2,3,,5,6,2,1,0,,,3,,5,6,5,,5,,,1,2,3,,1,2,,1,,3,,5,6,7,3,2,3,1,,3,4,,4,5,,2,3,4,5,,5,,7,6,4,5,,4,5,4,5,,5,6,,5,6,,4,5,4,5,4,3,4,,3,1,,3,,,4,,,,2,0,1,,3,,2,3,4,5,4,,3,,,2,3,4,5,4,5,,4,,4,5,6,4,,,4,5,6,5,,5,,5,,5,4,3,,2,0,,,0,,,,7,0,1,2,1,2,3,2,3,,3,,5,6,7,6,5,6,,5,2,3,4,5,4,3,4,,0,1,2,3,4,0,7,0,1,2,3,4,,3,4
