filename,kurtosis,entropy,R-value,skewness,count,scale
T14.jpg,[250.00394],nan,1.0,[15.874632],[  698  2834  6460 11528  8861],[0.2 0.4 0.6 0.8 1. ]
T14.jpg,[63.548126],nan,0.1478836,[7.485454],[  7188  31380  68618 125399 153949],[0.2 0.4 0.6 0.8 1. ]
,,,2,1,,3,4,,6,5,6,,,1,,3,2,1,2,6,5,6,7,0,,,3,4,3,,,2,1,2,3,1,,1,2,,1,,1,2,3,4,2,0,1,2,1,,1,,1,,3,4,1,,0,1,2,3,4,,3,,0,1,,3,2,1,2,,2,3,4,,0,1,,3,,1,,3,,2,3,4,,4,2,,1,,,1,2,3,4,,0,1,2,3,,1,2,3,,1,2,3,4,2,0,1,,3,2,1,2,1,2,3,,3,1,2,1,,3,1,,1,2,,4,3,,,,5,,7,0,,5,,5,6,7,0,6,4,5,,5,,5,,7,0,1,,6,4,5,3,,5,,5,,5,,5,,5,,5,,5,,5,,5,,5,,5,,5,,7,0,4,,6,7,0,6,5,6,,6,5,,5,6,7,0,1,2,0,1,,4,5,6,7,,5,,5,6,7,0,,4,5,,7,6,7,,,,5,6,7,,,5,,7,5,,7,5,6,7,,,5,,
