filename,kurtosis,entropy,R-value,skewness,count,scale
T14.jpg,[250.00394],nan,1.0,[15.874632],[  698  2834  6460 11528  8861],[0.2 0.4 0.6 0.8 1. ]
T14.jpg,[249.67204],nan,0.93010527,[15.859075],[  7861  31685  71513 127304 196086],[0.2 0.4 0.6 0.8 1. ]
,7,6,7,0,6,3,5,,5,7,,7,1,,7,,6,,6,7,6,7,1,,,,3,,3,,1,,0,1,7,4,5,6,7,0,7,,,3,,1,3,2,1,2,3,,3,,3,4,,6,7,1,,7,,7,,7,5,,7,,7,,7,0,,7,,4,,3,5,,5,4,3,2,1,3,4,3,5,6,2,,1,,3,4,,3,,,3,5,6,,1,6,7,1,5,,2,,,3
