filename,kurtosis,entropy,R-value,skewness,count,scale
T15.jpg,[250.00394],nan,1.0,[15.874632],[ 324 1288 2862 5074 3285],[0.2 0.4 0.6 0.8 1. ]
T15.jpg,[55.72762],nan,0.14815748,[7.1773963],[  9905  47606 102055 190038 250532],[0.2 0.4 0.6 0.8 1. ]
,,
