filename,kurtosis,entropy,R-value,skewness,count,scale
T15.jpg,[250.00394],nan,1.0,[15.874632],[ 324 1288 2862 5074 3285],[0.2 0.4 0.6 0.8 1. ]
T15.jpg,[249.99521],nan,0.9885161,[15.87422],[ 12064  48259 108578 193033 302132],[0.2 0.4 0.6 0.8 1. ]
7,,0,7,1,6,5,,1,,6,7,0,1,0,6,7,,7,,3,,3,1,,3,4,,1,2,3,4,3,,,3,,3,0,1,2,3,4,3,2,,2,3,5,3,,7,,3,4,2,1,,2,3,4,,7,5,6,7,5,3
