filename,kurtosis,entropy,R-value,skewness,count,scale
T16.jpg,[250.00394],nan,1.0,[15.874632],[ 1436  5721 12853 23131 17997],[0.2 0.4 0.6 0.8 1. ]
T16.jpg,[48.740795],nan,0.14348993,[6.793433],[ 19932  84494 186422 337553 452090],[0.2 0.4 0.6 0.8 1. ]
,,
