filename,kurtosis,entropy,R-value,skewness,count,scale
T16.jpg,[250.00394],nan,1.0,[15.874632],[ 1436  5721 12853 23131 17997],[0.2 0.4 0.6 0.8 1. ]
T16.jpg,[249.8596],nan,0.95219463,[15.86784],[ 21421  85898 193588 344277 533418],[0.2 0.4 0.6 0.8 1. ]
,2,,,1,,1,,1,,1,,1,,1,,1,,1,,1,,1,,1,,1,,1,,1,,1,2,3,1,2,1,,1,,1,,1,,1,2,1,3,,0,1,3,,1,,1,,,1,,3,,7,6,7,,7,1,,3,,1,2,,,,1,2,,3,4,2,,,,0,6,5,7,0,1,,1,,3,,6,7,,5,,3,,1,7,1,2,3,4,3,4,,6,7,0,1,2,1,3,,3,2,1,,0,1,,1,,0,1,,1,3,,1,,1,2,1,,1,2,3,2,1,,1,,1,,1,2,1,,3,1,,1,3,2,1,,1,,1,,1,,1,2,1,0,6,5,,,,7,,,1,,3,2,,,1,,5,,5,,5,,5,,5,,5,,5,,5,,5,,5,,5,,5,,5,,,6,7,,5,7,6,,7,,5,,4,,3,,3,4,5,,7,1,2,1,3,,,,5,,5,,5,,5,6,7,6,5,,5,,5,,5,,5,,5,,5,,5,,5,,5,6,5,,7,5,6,5,,5,,5,,5,,5,,5,,5,,5,,5,,5,,5,,5,,5,,5,,5,6,5,,5,,5,6,5,,5,6,5,,5,,5,6,5,6,5,,7,,5,,7,,,0,,0,,,6,,6,7,6,,6,7,0,7,6,7,0,,0,6,7,0,,6,,6,,,,5,,2,3,4,3,,6,,7,,2,3,,,2,1,,4,5,6,,,3,,3,2,3,4,2,0,6,,,1,2,,4,,4,3,,3,,2,,2,,2,3,2,,2,3,,,,,1,2,3,4,,,,7,1,0,5,,,6,7,1,,6,7,4,5,7,6,7,,7,,7,1,,1,0,4,5,,5,6,7,,7,1,5,,7,1,5,6,,,7,0,1,6,5,6,7,,4,,3,2,3,4,,,1,,,3,2,3,,3,2,3,,3,,,2,,2,3,,3,2,,4,5,,7,,5,,7,,5,7,,7,,2,3,,3,5,,5,7,,7,,,3,2,3,1,2,3,1,,1,3,1,,3,1,2,3,2,1,2,3,2,1,3,1,,,,1,,1,,4,5,2,3,,1,3,,3,1,,3,2,1,,3,1,2,3
