filename,kurtosis,entropy,R-value,skewness,count,scale
T17.jpg,[250.00394],nan,1.0,[15.874632],[  938  3830  8486 15312 12011],[0.2 0.4 0.6 0.8 1. ]
T17.jpg,[249.5875],nan,0.9227254,[15.855152],[ 10139  40828  91654 163286 250467],[0.2 0.4 0.6 0.8 1. ]
7,,1,2,,1,,3,1,,3,,1,2,1,,3,,1,,7,0,1,0,6,,5,,,7,,7,5,6,5,6,5,6,7,6,7,1,,7,6,5,7,4,5,,7,,1,6,7,,6,4,,,7,6,5,,,5,6,7,0,4,5,7,0,,7,,1,3,1,3,,3,2,3,,3,,,,1,0,7,,,3,,7,,7,6,5,7,,1,3,2,3,1,,6,5,6,7,,2,3,2,3,,5,7,5,6,4,5,,7,0,1,2,1,2,,5,6,5,,7,,5,7,0,,7,6,5,7,3,5,,7,1,6,7,5,,5,,7,,4,,6,2,3,,7,0,1,,3,,1,2,,5,4,2,1,7,1,2,3,4,0,1,,3,4,5,,1,,,4,5,3,4,5,4,3,5,,,0,1,2,,7,6,5,,3,1,,3,,5,,7,,5,6,,,7,0,1,,3,2,0,,7,5,7,,,5,6,5,,7,6,7,1,2,,5,,,3,,0,1,,,5,,,3,4,5,,5,4,,7,0,1,0,,3,5,,5,,7,,7,1,,5,,7,6,7,4,5,7,,,6,2,1,2,1,,3,,3,,,5,,,,3,,1,,,,1,,3,,5,2,,,3,1,2,3,2,1,,3,,,,3,,,3,,1,,3,1,,3,,3,1,2,1,3,2,3,1,3,,3,2,,3,2,3,2,1,,3
