filename,kurtosis,entropy,R-value,skewness,count,scale
T18.jpg,[250.00394],nan,1.0,[15.874632],[ 2186  9008 20126 35821 25760],[0.2 0.4 0.6 0.8 1. ]
T18.jpg,[53.491203],nan,0.13583268,[6.872411],[  9479  47412 100734 189601 238045],[0.2 0.4 0.6 0.8 1. ]
,,
