filename,kurtosis,entropy,R-value,skewness,count,scale
T19.jpg,[250.00394],nan,1.0,[15.874632],[ 1201  4820 10962 19585 13241],[0.2 0.4 0.6 0.8 1. ]
T19.jpg,[37.973667],nan,0.13109882,[6.133953],[ 10284  47977 103776 191841 259062],[0.2 0.4 0.6 0.8 1. ]
,,,2,3,4,5,6,,,0,1,2,3,4,,0,1,2,3,4,,0,1,2,3,4,,0,1,2,3,4
