filename,kurtosis,entropy,R-value,skewness,count,scale
T2.jpg,[250.00394],nan,1.0,[15.874632],[  889  3471  7692 13827  9362],[0.2 0.4 0.6 0.8 1. ]
T2.jpg,[111.36416],nan,0.18407112,[9.732832],[ 10562  48097 104546 192247 265755],[0.2 0.4 0.6 0.8 1. ]
,,
