filename,kurtosis,entropy,R-value,skewness,count,scale
T2.jpg,[250.00394],nan,1.0,[15.874632],[  889  3471  7692 13827  9362],[0.2 0.4 0.6 0.8 1. ]
T2.jpg,[249.90634],nan,0.9628891,[15.870037],[ 12064  48256 108563 193025 300785],[0.2 0.4 0.6 0.8 1. ]
1,7,1,,,,1,7,,,2,6,5,7,0,,3,,,1,3,2,,4,1,2,3,,0,6,7,1,,0,1,6,,,4,5,,,,4,5,4,3,4,5,4,,,2,3,,3,4,5,4,5,3,,5,3,,,,4,5,6,5,7,,3,,3,,3,1,3,,,6,4,3
