filename,kurtosis,entropy,R-value,skewness,count,scale
T20.jpg,[250.00394],nan,1.0,[15.874632],[ 517 2089 4705 8380 6137],[0.2 0.4 0.6 0.8 1. ]
T20.jpg,[45.705536],nan,0.13969773,[6.6250024],[  7815  35833  77694 143353 196311],[0.2 0.4 0.6 0.8 1. ]
,,5,6,7,0,,,,,,,0,1,,3,4
