filename,kurtosis,entropy,R-value,skewness,count,scale
T20.jpg,[250.00394],nan,1.0,[15.874632],[ 517 2089 4705 8380 6137],[0.2 0.4 0.6 0.8 1. ]
T20.jpg,[249.90012],nan,0.9589717,[15.869742],[  9012  36046  81079 144183 224170],[0.2 0.4 0.6 0.8 1. ]
1,,7,,1,2,,1,3,,,7,,7,0,7,3,4,5,,,,3,,3,,6,7,,5,4,5,3,,,,1,0,1,6,,5,,,3,5,6,,6,5,7,0,1,0,,5,3,,,3,,3,,1,,,3,5,,5,
