filename,kurtosis,entropy,R-value,skewness,count,scale
T21.jpg,[250.00394],nan,1.0,[15.874632],[ 1010  4285  9406 16750 11318],[0.2 0.4 0.6 0.8 1. ]
T21.jpg,[58.292526],nan,0.14866224,[7.2984495],[ 19275  83447 183275 334416 420075],[0.2 0.4 0.6 0.8 1. ]
,,
