filename,kurtosis,entropy,R-value,skewness,count,scale
T21.jpg,[250.00394],nan,1.0,[15.874632],[ 1010  4285  9406 16750 11318],[0.2 0.4 0.6 0.8 1. ]
T21.jpg,[249.96327],nan,0.97869724,[15.872713],[ 21463  86105 193543 344403 538244],[0.2 0.4 0.6 0.8 1. ]
0,7,0,7,0,7,,7,0,7,0,7,0,7,0,7,,7,0,7,0,7,0,7,0,7,0,7,,7,0,7,,7,0,7,0,7,0,7,0,7,0,7,,7,0,7,0,7,0,7,0,7,,7,0,7,0,7,0,7,,7,0,7,0,7,,7,0,7,0,7,0,7,0,7,,7,0,7,0,7,,7,0,7,0,7,0,7,0,7,,7,0,7,0,7,,7,0,7,0,7,0,7,,7,0,7,0,7,0,7,0,7,,7,0,7,0,7,,7,0,7,0,7,0,7,,7,0,7,0,7,0,7,,7,0,7,0,7,0,7,,7,0,7,0,7,0,7,,7,0,7,0,7,0,7,,7,0,7,0,7,0,7,,7,0,7,0,7,0,7,,7,0,7,0,7,0,7,,7,0,7,0,7,0,7,0,7,,7,0,7,0,7,0,7,,7,0,7,0,7,0,7,,7,0,7,0,7,0,7,0,7,,7,0,7,0,7,0,7,0,7,0,7,,7,0,7,0,7,0,7,,7,0,7,0,7,0,7,0,7,0,7,,7,0,7,0,7,0,7,0,7,0,7,,7,0,7,0,7,0,7,,7,0,7,0,7,0,7,0,7,0,7,0,7,0,7,,7,0,7,0,7,0,7,0,7,0,7,,7,0,7,0,7,0,7,0,7,0,7,0,7,0,7,0,7,,7,0,7,0,7,0,7,0,7,0,7,0,7,0,7,0,7,0,7,,7,0,7,4,3,4,3,4,3,4,3,4,3,4,3,4,3,4,3,4,3,4,3,,3,4,3,4,3,4,3,4,3,4,3,,,,3,4,3,4,3,4,3,4,3,4,3,,3,4,3,4,3,4,3,4,3,4,3,,3,4,3,4,3,4,3,4,3,,3,4,3,4,3,4,3,4,3,4,3,4,3,,3,4,3,4,3,4,3,4,3,,3,4,3,4,3,4,3,4,3,,3,4,3,4,3,,3,4,,,3,4,3,4,3,,3,4,3,4,3,4,3,4,3,,3,4,3,4,3,4,3,4,3,,3,4,3,4,3,,3,4,3,4,3,4,3,4,3,,3,4,3,4,3,4,3,,3,4,3,4,3,4,3,,3,4,3,4,3,,3,4,3,4,3,4,3,,3,4,3,4,3,4,3,,3,4,3,4,3,4,3,,3,4,3,4,3,4,3,,3,4,3,4,3,4,3,,3,4,3,4,3,4,3,,3,4,3,4,3,,3,4,3,4,3,4,3,4,3,,3,4,3,4,3,,3,4,3,4,3,4,3,4,3,,3,4,3,4,3,,3,4,3,4,3,4,3,,3,4,3,4,3,4,3,4,3,,3,4,3,4,3,4,3,,3,4,3,4,3,4,3,,3,4,3,4,3,4,3,,3,4,3,4,3,4,3,,3,4,3,4,3,4,3,4,3,,3,4,3,4,3,4,3,,3,4,3,4,3,,3,4,3,4
