filename,kurtosis,entropy,R-value,skewness,count,scale
T22.jpg,[250.00394],nan,1.0,[15.874632],[  723  3016  6750 12067  8436],[0.2 0.4 0.6 0.8 1. ]
T22.jpg,[89.37265],nan,0.18486512,[9.009406],[  9684  41941  92406 168168 212110],[0.2 0.4 0.6 0.8 1. ]
,,
