filename,kurtosis,entropy,R-value,skewness,count,scale
T22.jpg,[250.00394],nan,1.0,[15.874632],[  723  3016  6750 12067  8436],[0.2 0.4 0.6 0.8 1. ]
T22.jpg,[249.90881],nan,0.96151555,[15.870149],[ 10663  42897  96344 171563 266717],[0.2 0.4 0.6 0.8 1. ]
,0,,0,1,,1,,1,,1,,1,,1,,1,,1,0,,7,0,,0,,3,4,0,1,,1,2,6,7,,1,0,,7,,,,1,0,1,2,3,5,,3,4,5,3,,5,6,5,1,2,3,,5,3,,5,4,5,4,5,4,5,4,,7,,7,0,,3,4,3,,5,3,,5,,,6,5,2,,3,4,5,4,5,,5,,5,4,5,,5,4,2,0,1,0,1,7,1,,1,,1,,1,2,0,1,,1,,1,,,5,,3,4,5,4,2,3,5,1,3,,1,0,7,,7,1,6,7,,7,,1,,1,7,0,1,,1,0,,3,,0,,,7,1,,1,,1,7,,,,,1,7,0,1,,1,0,7,,1,6,7,1,,3,,3,,3,,3,,3,,3,,5,,,1,3,,,,5,1,,1,,4,5,,5,,2,3,5,6,,5,4,5,,5,,5,,5,,,5,6,2,1,,6,7,,1,,1,0,1,,1,,1,0,1,0,4,5,6,7,1,,1,,,6,7,0,,3,7,,1,,7,,3,,1,0,5,7,,7,,1,,1,2,3,5,,0,1,,,,,1,5,7,0,1,0,6,7,0,1,0,7,,1,7,,7,,1,6,7,0,1,3,,,,,5,6,7,0,1,0,7,,7,,,2,,4,,,4,5,4,3,4,5,,3,4,5,4,2,,7,,1,,1,0,7,0,,3,4,3,,5,3,4,,4,5,4,2,3,,3,4,3,5,4,,,3,5,6,2,3,,3,,3,4,3,5,4,1,2,3,4,2,3,2,0,,,0,,0,7,,7,,1,6,,0,1,2,6,5,7,0,7,,7,1,2,6,7,0,7,1,7,,7,,7,0,7,,7,,,,,1,0,1,6,,0,6,7,6,,,7,,,,1,,3,,3,,,1,,,5,,7,,,,1,0,7,,7,,7,0,5,4,,,3,,5,3,,5,4,3,4,5,4,5,6,7,1,7,0,1,7,,1,7,0,,5,7,,,3,,,4,5,,2,0,7,1,0,1,,,3,5,,3,5,4,5,6,,5,4,,7,0,4,3,,,7,,,5,7,5,3,2,1,3,4,5,,3,,5,,3,5,4,5,6,5,7,4,3,5,6,4,,,1,0,4,5,4,5,7,,1,0,1,3,,1,7,1,,1,,6,,5,,5,4,5,3,4,5,4,,2,3,,5,,5,4,,6,5,4,5,6,7,,1,0,,0,,,7,,1,0,,0,1,0,1,,1,,1,,,,1,0,1,3,4,0,1,,1,5,,1,2,,,,7,1,2,,5,3,5,4,5,6,3,5,2,3,4,0,7,1,7,1,2,,1,,7,5,6,7,,1,,7,,3,,5,,5,1,2,,1,,4,5,,7,0,1,,1,7,,0,6,4,5,,5,,5,,5,4,3,,5,3,5,4,5,6,,3,,6,7,,5,6,7,0,,,,,6,3,,4,,4,5,7,,5,6,5,2,1,2,,0,,2,1,3,0,7,,2,,,4,5,,5,,5,4,,6,5,6,7,0,1,0,4,5,4,3,5,6,,,,,5,,5,,7,,2,,,4,,7,3,5,6,5,1,2,3,,6,5,6,5,6,2,1,,,2,3,1,,,,1,,,2,,2,,2,3,5,4,5,6,5,4,5,6,,4,5,4,,6,4,,6,,,7,5,3,,7,3,4,,6,5,6,,6,5,6,5,6,5,6,5,6,,6,5,,7,,,,1,2,3,4,2,1,3,1,,,2,,,1,,,2,,2,,2,,2,,2,1,2,3,0,,,,,,3,4,5,4,5,6,3,5,4,5,,5,6,,1,3,,5,,,6,,1,2,1,3,,5,4,5,4,5,4,5,4,5,3,4,,,5,6,5,6,5,,5,,5,,5,6,,6,5,6,5,1,2,1,2,3,2,3,5,6,5,7,5,4,5,7,4,5,1,2,1,2,1,2,,,0,1,2,6,,6,7,1,5,6,7,,2,,2,1,2,3,,,2,1,2,1,2,1,2,3,5,,,1,3,2,,0,,0,1,0,,3,,5,,5,4,5,,5,6,5,,,6,,7,,5,4,,,5,,,6,4,,6,3,4,5,4,,,5,2,0,1,0,,7,1,0,,0,,2,3,5,,,,3,1,,,,3,,,,0,,,1,,1,2,,5,6,7,0,,3,2,1,,7,0,1,,,2,3,,,3,5,6,,,0,,3,,5,4,,4,,4,,,5,4,,,5,,5,,5,4,5,,5,4,5,3,5,,,4,
