filename,kurtosis,entropy,R-value,skewness,count,scale
T23.jpg,[250.00394],nan,0.99999994,[15.874632],[ 2007  7926 17952 31793 20354],[0.2 0.4 0.6 0.8 1. ]
T23.jpg,[62.509804],nan,0.1470598,[7.423795],[ 11304  56945 120419 227827 280780],[0.2 0.4 0.6 0.8 1. ]
,6,5,,,0,1,7,0,1,6,7,,,7,6,7,,1,2,3,4,2,1,2,0,7,5,,7,,,,0,,7,6,7,,,,,,6,7,,7,,6,7,,1,,,,1,2,3,,0,7,0,1,2,3,,1,,1,2,3,,1,2,,4,0,,,,,3,4,,,,
