filename,kurtosis,entropy,R-value,skewness,count,scale
T24.jpg,[250.00394],nan,1.0,[15.874632],[ 301 1243 2890 5155 3739],[0.2 0.4 0.6 0.8 1. ]
T24.jpg,[249.97946],nan,0.9798632,[15.873475],[ 12063  48244 108537 192938 301149],[0.2 0.4 0.6 0.8 1. ]
1,6,7,1,2,0,,0,,0,,,7,,,7,,,3,,,6,7,1,0,7,1,,7,1,,,7,,1,3,,1,2,3,1,,,,,4,3,4,,4,,4,,2,3,5,
