filename,kurtosis,entropy,R-value,skewness,count,scale
T24.jpg,[250.00394],nan,1.0,[15.874632],[ 301 1243 2890 5155 3739],[0.2 0.4 0.6 0.8 1. ]
T24.jpg,[40.770996],nan,0.13203868,[6.2670217],[ 10416  47859 103881 191588 259705],[0.2 0.4 0.6 0.8 1. ]
,,,2,,1,2,1,2,3,,5,6,,5,6,,4,5,6,,3,,5,,
