filename,kurtosis,entropy,R-value,skewness,count,scale
T25.jpg,[250.00394],nan,1.0,[15.874632],[ 1341  5453 12183 21575 14973],[0.2 0.4 0.6 0.8 1. ]
T25.jpg,[249.68571],nan,0.9313514,[15.859717],[ 12055  48235 108528 192907 298283],[0.2 0.4 0.6 0.8 1. ]
1,6,7,0,6,7,,7,1,7,5,4,5,6,7,1,6,7,6,5,6,7,0,7,,1,3,4,3,,2,1,3,,7,,5,3,4,5,,,7,6,7,6,,7,,,2,,4,5,,3,,5,,7,5,7,3,2,,0,1,3,2,,5,6,7,5,6,,4,5,7,3,1,,1,2,,7,,,5,,3,4,,1,3,2,1,,1,2,3,4
