filename,kurtosis,entropy,R-value,skewness,count,scale
T25.jpg,[250.00394],nan,1.0,[15.874632],[ 1341  5453 12183 21575 14973],[0.2 0.4 0.6 0.8 1. ]
T25.jpg,[39.709858],nan,0.13406026,[6.266097],[ 10473  48005 104195 191858 262119],[0.2 0.4 0.6 0.8 1. ]
,,,,,1,,,1,2,1,0,1,,1,,3,,5,3,4,1,2,3,4,5,4,,4,5,6,5,1,,3,2,,,1,,3,4,5,6,5,6,3,4,0,1,2,1,2,3,,,0,1,2,3,4
