filename,kurtosis,entropy,R-value,skewness,count,scale
T26.jpg,[250.00394],nan,1.0,[15.874632],[ 1151  4629 10404 18433 13748],[0.2 0.4 0.6 0.8 1. ]
T26.jpg,[39.71507],nan,0.13299705,[6.247046],[ 10503  48131 104439 192414 261733],[0.2 0.4 0.6 0.8 1. ]
,,
