filename,kurtosis,entropy,R-value,skewness,count,scale
T27.jpg,[250.00394],nan,1.0,[15.874632],[ 370 1478 3325 5862 4103],[0.2 0.4 0.6 0.8 1. ]
T27.jpg,[249.98643],nan,0.98366904,[15.873806],[ 12062  48256 108575 193025 301936],[0.2 0.4 0.6 0.8 1. ]
7,0,,2,1,3,,,3,1,2,0,7,6,7,6,5,7,6,,5,,7,0,7,6,3,,5,,5,7,0,1,2,,4,5,,7,0,4,5,3,4,3,,3,5
