filename,kurtosis,entropy,R-value,skewness,count,scale
T27.jpg,[250.00394],nan,1.0,[15.874632],[ 370 1478 3325 5862 4103],[0.2 0.4 0.6 0.8 1. ]
T27.jpg,[53.616318],nan,0.15394542,[7.1713643],[ 11130  48252 106305 193158 278964],[0.2 0.4 0.6 0.8 1. ]
,,
