filename,kurtosis,entropy,R-value,skewness,count,scale
T28.jpg,[250.00394],nan,1.0,[15.874632],[ 1047  5987 12022 23881 17008],[0.2 0.4 0.6 0.8 1. ]
T28.jpg,[51.98026],nan,0.13583894,[6.817752],[  9700  41753  92091 167552 211167],[0.2 0.4 0.6 0.8 1. ]
,,
