filename,kurtosis,entropy,R-value,skewness,count,scale
T29.jpg,[250.00394],nan,1.0,[15.874632],[  878  3527  7970 14102  9660],[0.2 0.4 0.6 0.8 1. ]
T29.jpg,[249.88649],nan,0.95794505,[15.869102],[ 12063  48224 108508 192847 299437],[0.2 0.4 0.6 0.8 1. ]
,1,3,1,,1,3,2,3,1,,6,,,1,,,,1,,,7,,1,,3,2,1,,3,,3,,7,,7,,7,,,5,,1,,7,0,1,2,,,,7,1,0,4,5,6,7,6,7,1,,1,6,7,,1,7,,5,7,,1,,1,,1,,1,,1,,1,,1,,1,,1,,1,,1,,,5,,5,,5,,5,,5,,5,,5,,5,,5,,7,,,,1,,1,,1,,1,,1,,,5,,5,,5,,5,,5,,7,,1,,3,,3,,1,,3,,3,5,,2,3,,1,,3,5,,,1,0,,3,4,,1,,7,,7,5,,7,,7,,7,,7,0,1,,1,,1,,1,,1,,1,,1,,1,,,5,,5,,5,,5,,5,6,5,,5,6,7,,1,,1,,,5,,,1,,,3,,3,2,1,,1,3,1,,3,,3,2,1,2,3,5,2,1,,0,,7,5,,7,,7,,7,5,,1,,1,,1,,1,,7,,1,3,,1,,1,,1,,1,,1,,1,3,,3,1,,3,1,,3,,0,1,,1,,3,,3,4,,3,,1,2,3,1,,1,,,3,,3,1,,3,,1,2,3,,3,2,1,,3,2,1,3,,1,3,,3,,1,,3,2,1,,3,1,2,3,1,3,2,1,3,,1,3,,3,1,3,2,1,3,,1,,3,1,2,3,2,1,,3,1,,3,1,2,3,1,2,3,1,2,3,1,3,2,1,3,2,1,3,2,1,,3,1,2,1,,3,2,1,,3,2,1,2,3,,1,3,,3,2,1,3,,3,1,3,,3,1,3,,1,3,,3,2,1,2,3,1,3,,0,5,7,5,6,7,6,5,7,,7,5,6,7,,7,,5,7,,7,,7,6,5,7,,5,,7,6,7,5,,7,,5,,5,,7,6,5,,7,5,7,5,6,7,5,6,7,5,,7,5,,7,5,,7,5,6,7,5,,7,5,7,,5,7,,7,,7,5,6,7,,7,5,,7,,5,,5,7,,5,,7,5,7,,5,7,,5,,5,,7,6,5,,,,6,7,,5,4,5,4,,7,,7,5,6,7,6,5,,7,5,7,5,,7,5,6,7,6,5,,7,,5,7,,5,7,,5,7,,,3,,1,,3,4,5,,5,,5,,5,,5,,5,,5,,5,7,,7,1,,7,,7,0,7,,7,,5,7,6,5,,5,,1,3,0,,0,1,2,,4,,4,,4,3,,5,3,4,,1,7,,1,7,,1,3,,3,,3,,3,,3,4,3,,3,4,3,,3,,3,,3,,3,5,3,,3,,5,,1,,,5,6,7,6,7,6,,,1,,1,,1,,1,0,7,,1,7,,,5,4,3,,5,,5,,5,7,,7,0,1,7,,1,,,5,7,,7,1,7,,7,,7,,1,3,,3,,3,4,3,,3,,3,7,,7,0,7,,7,0,7,,,,7,,7,1,7,,7,0,7,,7,,7,,7,,7,,7,0,7,,7,0,4,3,,3,,3,,3,,3,,3,,3,,3,,3,,3,,3,,3,,3,,3,,3,,3,,3,,3,,3,,3,,3,,3,,3,,3,,3,,5,,7,,7,,7,5,7,,,3,,3,,3,,3,,5,6,7,,7,,7,6,7,,7,,7,,,3,,3,,3,2,3,,3,,3,,3,,,,3,5,6,5,2,1,3,,3,,3,,5,3,4,5,,7,,,5,,5,7,5,,5,,5,,5,7,6,7,,3,,1,,3,2,0,1,,1,,3,,1,,1,3,2,1,3,1,,1,,,5,,7,6,5,7,,7,5,6,7,3,5,,7,,7,,,3,,3,,3,,3,,3,,3,,,7,,7,,7,,7,1,,3,1,3,,3,1,3,2,,7,,1,,3,,,2,3,,1,3,,5,6,7,4,,3,,3,,,1,2,3,2,,5,1,2,3,5,1,2,,5,6,5,,,1,2,1,2,3,4,2,3,,5,3,,3,,,1,2,3,4,1,,4,5,4,3,,5,7,6,7,,1,7,,5,,6,,6,7,6,7,6,,,,5,7,6,,,7,,7,,,3,,3,,2,3,2,,,3,,,7,1,2,3,2,3,2,,5,1,,,,3,4,5,,7,6,7,6,,6,4,,3,2,3,5,1,2,3,2,3,2,,5,,7,5,,7,6,5,,5,,5,,,,7,6,7,,5,6,5,1,,3,,1,2,1,,1,,1,,,5,,7,,7,,,3,,3,,3,,,,7,,1,,,6,7,6,7,1,,3,,5,6,7,,2,3,5,,5,6,,6,,6,3,2,3,2,3,5,,3
