filename,kurtosis,entropy,R-value,skewness,count,scale
T29.jpg,[250.00394],nan,1.0,[15.874632],[  878  3527  7970 14102  9660],[0.2 0.4 0.6 0.8 1. ]
T29.jpg,[55.245674],nan,0.15009472,[7.1873183],[  9824  47519 101567 190046 245868],[0.2 0.4 0.6 0.8 1. ]
,,
