filename,kurtosis,entropy,R-value,skewness,count,scale
T3.jpg,[250.00394],nan,1.0,[15.874632],[ 1146  4670 10525 18600 12798],[0.2 0.4 0.6 0.8 1. ]
T3.jpg,[69.818],nan,0.1580537,[7.9607263],[  9525  47242 100322 188897 236376],[0.2 0.4 0.6 0.8 1. ]
,,,,7,,5,,4,5,6,5,,4,,3,4,5,4,5,,7,5,,5,6,7,,7,,7,6,,,1,,1,,1,,1,,1,2,1,,1,,1,2,0,1,,0,1,,,,,,7,,7,,7,,5,,7,0,1,,7,0,,,0,,2,3,2,1,,3,,3,,1,,3,4,3,,3,,3,2,,,
