filename,kurtosis,entropy,R-value,skewness,count,scale
T4.jpg,[250.00394],nan,1.0,[15.874632],[ 3131 12531 28446 50427 32167],[0.2 0.4 0.6 0.8 1. ]
T4.jpg,[98.686325],nan,0.20629437,[9.538004],[  6319  35110  72615 140239 159442],[0.2 0.4 0.6 0.8 1. ]
,,,,3,4,0,1,2,1,2,3,4,3,4,5,,1,2,3,4,5,,,4,2,0,1,,7,,,2,1,2,3,,3,4,5,4,3,2,1,2,3,4,1,2,1,2,7,0,1,2,0,1,2,,4,0,1,2,3,,3,1,,0,1,,7,0,1,,3,4,5,4,,2,7,,1,,,2,1,,0,1,2,3,2,1,2,3,4,2,1,2,0,7,,1,2,1,2,1,2,3,,3,7,0,1,2,0,7,0,1,,,1,2,3,4,,0,1,,1,,3,,1,,,1,,7,0,6,7,,1,,3,4,2,0,1,,3,,3,,5,,5,3,,5,,5,,5,,,,1,,1,,1,,1,7,0,1,,1,,1,2,,1,,0,1,,0,1,2,3,4,1,2,1,2,3,2,1,,1,,,2,0,1,,3,2,1,0,1,2,1,2,3,4,1,,1,,3,,5,,5,,,3,2,1,,,7,,1,,1,2,0,,2,,,,,2,3,,3,,5,3,4,5,2,3,,2,3,,1,2,3,,5,,2,3,,3,,5,4,3,,2,3,,,2,1,2,3,,3,4,2,,2,3,4,5,,,1,,3,2,3,,3,,3,4,1,2,3,4,5,2,3,4,2,,4,3,4,3,4,1,2,1,2,,4,5,6,,5,6,2,3,2,0,,2,3,,5,3,4,5,6,7,4,2,3,,,1,,,1,2,,1,2,3,,5,3,4,5,6,7,0,,2,3,4,2,3,,5,6,3,,3,4,5,6,,0,1,2,3,,2,1,,1,,,4,5,6,7,4,2,3,1,2,3,1,2,3,,5,6,,1,2,3,,5,6,2,,,3,1,2,3,,5,,7,,,,2,3,,2,3,,,,5,3,2,3,4,,2,,4,5,2,1,2,1,2,3,0,1,0,,,1,0,1,2,3,4,3,4,,4,,4,,4,,2,3,7,0,1,,3,,5,,5,4,0,,7,0,1,2,,1,2,3,2,3,4,5,6,,,,,4,5,2,3,,3,0,1,2,3,,,6,3,,5,,3,,3,4,5,4,5,,5,2,1,2,,,3,4,5,6,4,,6,2,3,4,0,1,,3,4,,,2,3,4,5,4,2,0,1,2,3,4,,0,1,2,3,4,0,1,2,3,4,2,0,1,2,3,4,,0,1,2,3,4,,,1,2,3,,,,,0,1,,,2,3,,5,,5,,,1,0,1,2,3,,5,,,,1,2,3,,,,1,,3,,,,1,,3,,,0,1,2,3,4
