filename,kurtosis,entropy,R-value,skewness,count,scale
T4.jpg,[250.00394],nan,1.0,[15.874632],[ 3131 12531 28446 50427 32167],[0.2 0.4 0.6 0.8 1. ]
T4.jpg,[247.11533],nan,0.82186687,[15.742451],[  9004  36049  81090 144174 218578],[0.2 0.4 0.6 0.8 1. ]
1,2,,1,,1,7,,1,,5,7,0,1,2,,7,,7,,,7,,5,,5,3,5,2,3,5,6,5,,2,3,5,6,4,1,,,5,6,4,5,6,2,1,,4,5,,3,4,5,,5,3,5,,3,4,2,3,4,5,6,5
