filename,kurtosis,entropy,R-value,skewness,count,scale
T5.jpg,[250.00394],nan,1.0,[15.874632],[ 3174 12821 28938 51456 35316],[0.2 0.4 0.6 0.8 1. ]
T5.jpg,[77.73551],nan,0.15290934,[8.113601],[  8260  36234  79104 144830 174031],[0.2 0.4 0.6 0.8 1. ]
,,
