filename,kurtosis,entropy,R-value,skewness,count,scale
T6.jpg,[250.00394],nan,1.0,[15.874632],[ 1021  4121  9111 16232 11537],[0.2 0.4 0.6 0.8 1. ]
T6.jpg,[249.795],nan,0.94403136,[15.864817],[ 12062  48213 108453 192905 298428],[0.2 0.4 0.6 0.8 1. ]
,,2,3,4,5,6,2,1,3,,5,7,0,1,2,,2,0,1,2,0,,,7,1,,7,,1,,7,,1,7,,1,,7,0,,3,4,5,1,2,3,5,4,5,6,3,,4,5,6,5,6,4,5,4,,7,,1,2,0,,0,1,2,0,,,,,1,,1,3,0,1,,,1,,5,7,5,,5,6,7,5,6,3,5,,7,1,0,1,2,0,1,3,,1,,7,,1,,7,,1,,1,2,,1,,7,,1,,1,,7,,5,,,,3,,5,3,,5,,5,7,,7,1,5,,,3,,,5,6,,6,,,2,,0,6,,6,,1,6,7,,,,1,2,1,3,4,,1,3,1,2,3,1,3,1,3,1,3,1,3,1,3,,,5,7,,1,,7,0,1,,1,,1,2,3,1,,1,2,0,5,,5,,7,,1,,1,,1,,1,,1,,1,,1,,1,,,2,3,,1,2,3,,1,,1,3,2,1,3,,2,3,2,1,3,2,3,,1,2,1,3,1,,1,0,5,6,5,,5,7,,,,,7,,6,7,6,7,6,2,3,5,6,5,,5,6,7,,7,,5,7,0,4,5,6,7,1,7,,3,5,,5,,5,4,,7,0,,7,,1,0,1,7,,,5,,5,7,0,,,,,5,,5,3,4,5,,5,3,5,3,5,4,3,5,,5,,5,,5,,7,5,6,7,4,,6,,0,1,3,2,1,,7,0,,0,7,6,7,,7,,7,,7,,1,,4,,4,,4,3,5,,,,4,,4,,4,,,,,,0,1,0,,0,,0,1,0,4,,4,,4,5,4,,4,,,7,0,7,0,,0,,0,,0,,0,,0,,0,7,0,,2,,0,,,2,0,,7,0,6,,1,,,2,6,,0,7,1,,0,5,,5,,1,,3,7,,,,2,,4,5,,0,7,3,4,,4,5,,,,4,3,5,,7,,5,7,0,,6,5,4,,6,7,0,,0,6,7,0,,1,2,3,1,,,,3,5,2,3,,3,1,,1,,1,3,,,5,,5,7,6,5,,5,6,7,0,,0,1,5,4,5,7,3,,6,7,1,0,7,5,,5,7,0,1,5,6,7,4,2,3,4,,7,6,,,5,7,,7,,1,0,,0,1,2,3,2,3,5,,4,3,7,1,6,7,1,0,5,6,7,1,7,1,2,6,5,6,7,6,5,4,3,4,3,5,3,,5,1,3,,3,4,5,,4,5,,7,0,7,0,1,2,0,5,7,,7,1,7,0,1,6,4,5,7,4,5,6,7,0,7,0,4,3,,5,,3,,3,,3,,3,,3,,3,,3,,3,,3,,3,,3,,3,,3,5,,5,7,0,1,,6,2,1,,1,,3,4,3,,3,,3,,3,,3,,3,,5,6,7,0,,1,2,,4,5,3,,3,,3,,5,,5,7,4,,0,1,,1,,7,0,7,,7,,7,1,0,1,0,7,0,1,,5,6,7,0,1,,3,,5,3,5,4,,,5,3,,3,,3,5,6,4,,4,3,,3,,3,4,5,,3,,3,,,3,4,3,5,6,7,0,4,5,6,7,5,7,5,,5,4,1,,1,3,,1,,,3,,3,,3
