filename,kurtosis,entropy,R-value,skewness,count,scale
T6.jpg,[250.00394],nan,1.0,[15.874632],[ 1021  4121  9111 16232 11537],[0.2 0.4 0.6 0.8 1. ]
T6.jpg,[40.305412],nan,0.13075173,[6.2292066],[  9960  47621 102151 190351 249075],[0.2 0.4 0.6 0.8 1. ]
,,
