filename,kurtosis,entropy,R-value,skewness,count,scale
T7.jpg,[250.00394],nan,1.0,[15.874632],[ 1483  6149 13907 24730 18174],[0.2 0.4 0.6 0.8 1. ]
T7.jpg,[249.82166],nan,0.946359,[15.866062],[ 18617  74492 167980 298513 462095],[0.2 0.4 0.6 0.8 1. ]
,1,2,3,5,1,2,7,1,7,,6,7,6,7,,5,7,,1,,5,7,0,1,,1,7,,1,,,5,7,,1,,,,7,,5,7,,1,,,,5,4,,7,,1,6,7,,7,,7,,1,7,,1,2,,,,,1,2,7,1,5,7,,1,2,,1,7,,1,,,,,3,,7,,1,,5,,5,,,7,,1,6,7,,1,3,4,,7,,7,,,7,,7,,7,1,,7,,1,,3,,1,,7,,6,7,,7,,7,,7,0,7,1,,1,3,2,3,,,,3,4,5,3,5,,5,,3,,,0,1,,,5,,5,7,,1,,1,,7,,5,4,5,,1,,5,,3,5,4,5,7,0,7,,1,0,1,0,,,5,7,,,5,4,3,5,4,0,1,3,,5,6,3,4,,4,1,3,,5,3,5,3,5,3,4,5,,,5,7,0,1,2,0,,,1,,7,,1,0,7,,,,7,4,5,,7,,1,,7,,,3,,,1,,1,,,,5,7,,7,1,2,1,,7,0,1,,1,3,1,,,,5,,,1,0,1,3,7,0,7,,,3,4,5,7,5,6,3,4,,7,0,7,,,5,6,7,1,,1,5,4,5,,5,4,3,,5,7,4,3,,2,3,4,5,3,,3,4,3,,3,5,,5,7,0,1,7,0,6,7,0,1,2,0,5,7,,1,0,7,,7,1,7,,7,1,0,1,6,7,1,0,7,6,4,3,4,5,4,3,,3,,3,,5,,5,,4,3,4,3,5,4,3,5,3,,3,,3,,3,,5,3,,3,,3,,,,,4,3,4,3,,3,5,3,,3,,3,,3,,5,3,,3,,3,4,5,3,,3,,5,3,,3,5,1,3,,5,7,4,3,4,3,4,5,7,3,,6,7,0,4,3,,3,,3,,3,,3,,3,,3,,3,
