filename,kurtosis,entropy,R-value,skewness,count,scale
T7.jpg,[250.00394],nan,1.0,[15.874632],[ 1483  6149 13907 24730 18174],[0.2 0.4 0.6 0.8 1. ]
T7.jpg,[120.99321],nan,0.2021329,[10.25018],[ 17397  73746 162779 294735 396215],[0.2 0.4 0.6 0.8 1. ]
,,
