filename,kurtosis,entropy,R-value,skewness,count,scale
T8.jpg,[250.00394],nan,1.0,[15.874632],[ 1355  5438 12149 21585 14363],[0.2 0.4 0.6 0.8 1. ]
T8.jpg,[81.39441],nan,0.18320192,[8.6765],[  6950  35473  74881 141797 175078],[0.2 0.4 0.6 0.8 1. ]
,,,,1,,1,,1,,3,4,2,0,1,,1,,3,,,1,,3,,3,4,5,,0,1,,3,,3,,5,6,2,3,4,1,7,,1,2,0,1,,,4,2,0,1,,3,4,,1,2,3,,,4,5,,3,,3,2,6,,6,7,0,1,2,3,,3,,3,4,3,7,0,1,,3,4,3,0,1,,5,6,7,0,1,0,1,2,3,2,3,1,2,0,1,,3,4,3,1,2,3,0,1,2,3,4,,0,1,,3,4,0,1,,3,4,0,1,,3,4,1,,3,,2,3,,5,,7,,,3,,5,,5,,,5,,5,6,4,,6,,5,,4,5,,,5,,7,0,,4,3,4,5,6,4,5,,7,4,5,,5,,,,4,5,,7,6,7,,,3,4,5,,7,,,5,6,2,3,,3,4,,,,6,5,,5,6,5,,5,,7,5,6,,4,5,,7,,,3,4,,,5,6,5,,5,6,4,5,,7,0,6,5,6,,5,,3,2,3,4,5,,5,6,7,,,,6,5,6,,5,,
