filename,kurtosis,entropy,R-value,skewness,count,scale
T8.jpg,[250.00394],nan,1.0,[15.874632],[ 1355  5438 12149 21585 14363],[0.2 0.4 0.6 0.8 1. ]
T8.jpg,[249.5642],nan,0.9220005,[15.85407],[  9016  36056  81090 144200 222854],[0.2 0.4 0.6 0.8 1. ]
1,,,,7,6,7,1,,1,,0,1,2,3,5,1,0,1,3,4,3,,,3,2,1,7,0,,7,0,1,2,3,7,6,,1,7,,5,7,6,4,,,,6,7,6,,0,,,,,,0,,2,3,1,,3,,6,,4,5,,,1,3,4,,3,,3,1,,5,,4,2,3,2,3
