filename,kurtosis,entropy,R-value,skewness,count,scale
T9.jpg,[250.00394],nan,1.0,[15.874632],[  819  3192  7044 12740  8153],[0.2 0.4 0.6 0.8 1. ]
T9.jpg,[96.82465],nan,0.18833391,[9.263138],[  9872  47272 101398 189208 246872],[0.2 0.4 0.6 0.8 1. ]
,,
