filename,kurtosis,entropy,R-value,skewness,count,scale
T9.jpg,[250.00394],nan,1.0,[15.874632],[  819  3192  7044 12740  8153],[0.2 0.4 0.6 0.8 1. ]
T9.jpg,[249.94122],nan,0.9690171,[15.871674],[ 12061  48245 108547 192955 300432],[0.2 0.4 0.6 0.8 1. ]
1,,1,,1,,1,,7,5,,7,,7,,7,,1,,1,,1,7,0,,,1,,1,2,6,5,,5,,5,7,,1,3,2,1,2,3,1,,,5,6,7,0,1,2,1,3,1,,3,,3,5,,,6,7,1,,,7,,7,,1,,1,,1,2,7,,1,,,7,,1,,,7,1,,7,,7,,1,,1,,1,,1,,1,,1,,1,,1,,1,,1,,1,,1,,,7,,1,,1,7,1,,1,0,7,0,1,3,7,0,1,0,7,1,,1,,4,5,,5,,3,4,5,4,5,,5,3,5,,5,,5,7,6,,,,3,5,,,,,3,4,5,,,1,3,4,5,,5,,5,3,4,5,,5,4,5,4,3,,5,3,5,,5,4,5,,,,5,6,5,1,2,3,,5,,5,,5,3,,5,,5,,5,3,4,5,,5,4,5,6,7,6,5,,5,1,3,1,,3,1,,3,,,7,6,5,,7,4,,3,,5,4,3,5,,5,4,3,5,,5,6,,4,,,0,1,2,3,4,,2,0,,3,,5,,5,,0,7,3,4,,5,,7,,7,1,0,7,,1,7,0,1,2,,4,,4,5,6,2,1,3,2,6,7,0,,0,,,0,,7,0,6,,,4,,7,,7,0,1,,7,,7,1,,7,1,7,,1,7,0,1,2,,,,2,,2,,2,1,3,2,6,7,,2,,2,1,5,6,,6,,,7,6,,,2,3,4,5,6,,6,,6,7,,7,0,1,7,,7,,7,0,1,7,,7,1,0,7,,1,3,,7,5,,7,6,7,1,7,,7,1,2,6,7,,7,,1,2,3,2,,,,6,5,6,7,,7,,,,3,,,7,0,6,7,,,2,1,3,7,,2,6,,6,,6,3,4,3,5,6,5,7,,7,,7,1,0,7,,,3,,3,4,3,5,,3,,3,,3,4,5,3,,3,,3,,3,,3,,3,5,3,,5,4,3,,3,,,6,7,,5,,7,5,,3,,3,,3,2,3,,3,2,0,,7,,7,6,7,1,,3,,1,,,,3,7,,7,1,,1,,3,,3,4,5,,7,6,2,3,,3,,5,6,7,,,3,2,3,,5,7,6,7,,7,,7,,7,,7,6,2,3,,3,,3,,3,,3,2,,,3,,3,4,5,,5,6,7,6,5,7,,3,,3,0,1,,3,4,,,7,1,,3,4,5,,7,,,3,1,2,3,,3,,5,,7,,,3,,3,,5,7,,7,,7,,7,,7,,7,,,3,,3,,3,,3,,3,,,,3,,,7,,1,7,0,1,,4,,4,5,,,,,2,3,,3,,5,,0,6,,4,5,,,4,5,1,2,3,,,,4,1,,3,1,3,2,1,,3,,3,5,6,2,1,,3,5,,5,,5
